1,google.com
2,youtube.com
3,facebook.com
4,baidu.com
5,wikipedia.org
6,qq.com
7,tmall.com
8,taobao.com
9,yahoo.com
10,amazon.com
11,twitter.com
12,sohu.com
13,jd.com
14,vk.com
15,live.com
16,yandex.ru
17,weibo.com
18,instagram.com
19,sina.com.cn
20,360.cn
21,login.tmall.com
22,reddit.com
23,linkedin.com
24,blogspot.com
25,netflix.com
26,twitch.tv
27,livejasmin.com
28,csdn.net
29,yahoo.co.jp
30,microsoftonline.com
31,mail.ru
32,pornhub.com
33,pages.tmall.com
34,porn555.com
35,microsoft.com
36,alipay.com
37,aliexpress.com
38,google.co.in
39,t.co
40,google.com.hk
41,naver.com
42,stackoverflow.com
43,github.com
44,bing.com
45,tribunnews.com
46,whatsapp.com
47,office.com
48,ebay.com
49,ok.ru
50,amazon.co.jp
51,msn.com
52,wordpress.com
53,xvideos.com
54,bilibili.com
55,google.co.jp
56,imdb.com
57,paypal.com
58,googleusercontent.com
59,apple.com
60,google.com.br
61,google.de
62,imgur.com
63,xhamster.com
64,163.com
65,google.ru
66,pinterest.com
67,fandom.com
68,adobe.com
69,xinhuanet.com
70,savefrom.net
71,google.fr
72,dropbox.com
73,quora.com
74,amazon.de
75,exosrv.com
76,detail.tmall.com
77,popads.net
78,babytree.com
79,fbcdn.net
80,amazon.in
81,google.it
82,okezone.com
83,instructure.com
84,cnblogs.com
85,tumblr.com
86,detik.com
87,amazonaws.com
88,amazon.co.uk
89,google.es
90,hao123.com
91,tianya.cn
92,pixnet.net
93,booking.com
94,aparat.com
95,google.cn
96,salesforce.com
97,bbc.com
98,sharepoint.com
99,force.com
100,google.co.uk
